{"version": 2, "timestamp": 1522459562, "height": 25, "width": 80, "env": {"SHELL": "/bin/bash", "TERM": "xterm"}}
[0.015479, "o", "root@0c7b14ead036:~# "]
[4.153296, "o", "w"]
[4.286184, "o", "h"]
[4.374645, "o", "o"]
[5.019498, "o", "a"]
[5.105598, "o", "m"]
[5.434873, "o", "i"]
[5.730486, "o", "\r\n"]
[5.734231, "o", "root"]
[5.734638, "o", "\r\n"]
[5.735101, "o", "root@0c7b14ead036:~# "]
[7.675691, "o", "w"]
[7.824422, "o", "h"]
[7.916586, "o", "o"]
[8.193294, "o", "a"]
[8.341223, "o", "m"]
[8.653548, "o", "i"]
[8.922412, "o", "\r\n"]
[8.92582, "o", "root\r\n"]
[8.927226, "o", "root@0c7b14ead036:~# "]
[9.920394, "o", "e"]
[10.278632, "o", "x"]
[10.673166, "o", "i"]
[10.858821, "o", "t"]
[11.054377, "o", "\r\nexit\r\n"]
